ingredient_id,alim_code
205b2afd-157e-4d0d-ba24-b08af3951198,9811
1e0718a6-48ba-4fd4-93c0-1ea52f162c9d,20336
e3fbdb74-16a8-4680-9cd0-16044b435725,17270
533c1962-b367-47ca-9d82-5910931fab39,18041
3316b6df-9f99-4571-ba2e-4e26112c269d,20322
3ffa59aa-e01d-4712-8f0d-d5f32d3e1ae1,20589
7b887f04-1988-44dd-b74e-66938372902a,36018
b05db49a-9212-44d3-9187-1da7870c1c9f,20031
69da9d55-f3f4-4db3-8618-1fa505555874,20047
4c3d49b5-5471-432a-a259-b662b1f6b862,9200
738bd788-fd21-4363-9de0-ddc35b6813fa,22009
3f144310-58a7-4fe6-9bf2-0ce9d99ee5be,22008
0261cb12-1fd6-46e1-9e3a-8064f63e6b45,20212
23786e95-97bf-461b-8108-59f08f119dad,20503
2d0b224f-0e8c-469e-99e3-093f678fbbb9,20242
b13e98d9-aaaf-4554-8177-8981f2ef0076,20049
763a92df-6900-488d-a92a-eee913d830cb,19593
46abb1a9-f4c1-4dc1-8799-ac50ee190ee5,32113
f81df9f4-b6f1-4a5f-9091-9f483352c601,13005
d1903e60-1cc6-4e1b-92d1-dfdc0dfc2da5,9103
e4f9dca3-4573-4d6e-8fec-6e0d8a7bb48f,11178
06462060-5201-41ec-a968-03c01edd23bc,20035
861b94d9-60da-4f46-804c-0756f4330661,22010
39ce4bb8-b5a4-42b5-96d9-fab0dac1a0dd,20088
3d9f99f2-69c6-4e09-aaa5-d296d278f643,9104
ac683f79-bc03-46e6-bf1a-0b224deab0f5,20334
08226f84-c557-4eb0-b805-a7a4004d1fe3,7110
e0dadf12-938f-45d9-a885-3e8df7ec3fe0,13004
0f29b08f-27ca-405b-ba3f-da4511d90c1f,9311
cc5e0af0-473e-4268-9bf2-bac740f2fab1,19041
deb22a25-4fde-4ac9-a6c7-e17be1a3ba00,31008
99574f09-8377-49bd-a2c6-cf945ac2cc62,15047
e99c3905-a22c-45b7-b99d-5d45edec89b1,18107
d098a17d-e3b9-4c47-ab88-2a21e475e998,13997
0e04f7a5-230a-4ef6-bfc3-d803435d33bd,19644
5cb37a41-7891-44a3-b90c-f6cdda409445,15202
2eb62878-3eb9-42ea-9a63-2691148a217c,19038
b5bfad5a-4a04-4ab6-8c8b-788397734cb2,22502
1fb6ee8a-65e8-4da5-891f-9b1f64a1179a,11003
0d565da3-5008-4699-a3a2-c13575d82d8a,11306
fcfdcc0b-9a9c-4e6c-a749-6de288235780,20008
274e083e-46d2-4cce-b79a-a3a711d81248,11005
663312e9-6d02-4cfe-aaf7-8616a2b41629,11074
c75c5ce4-d2df-4f60-b94c-e97454df8e0d,20021
7351d18f-86e3-4c84-9de1-b79b89760af8,9871
f4621eaf-aab9-4967-a365-2dee2b2ec1d3,20260
28f898ab-dc19-4905-9ff6-62d5477600f7,6260
05eb140e-0246-47a8-b1d8-27f4957b3949,23416
d281ed75-f3cd-4916-bd9d-7fc4fc48942b,19591
5d0e3e32-be42-46bf-94ad-13403cf6fa08,13036
18a86eb1-0980-47d3-bf22-30b1cb43aa6a,13194
a2e8f29f-07e2-490f-93c5-92134ac4d00b,25504
b6409eaf-e437-4b1d-a51b-540673e73a14,9341
d8c6e29e-5eaa-401f-aa0a-dc74d777a907,20532
bd8d6fd3-2406-435d-9a92-c1546127e8e5,20009
9448e2cd-16f6-448b-927f-d41bb963a4b5,4102
7e156dd4-2857-43bb-9aa2-e8273f5d4544,20066
e951267c-50f9-4470-b1c5-18656e75e013,20172
352d9c01-c3ee-411e-9813-9ce3eae4c698,23801
81e5a2f9-3e0c-42c9-a071-c4df692e7f31,28900
d62036e2-ba65-4a28-aad2-ee568cb4b498,12114
a9c3a0c2-605a-4103-a495-201402935bc5,10027
85b41f4f-b07a-4a17-9044-d09b8d16ee60,11014
fec29009-a951-4587-9265-27e240e03112,5215
6ff5f533-7197-4f48-b475-c16544a21db5,12120
862f5667-0461-4212-9246-2a8104ee3288,11015
04382c90-f07b-4268-b358-f4936f5b8c78,19436
01e424c9-6471-46b7-8244-16c9a59bcc58,28725
4d4af9ab-dd8c-4b49-be81-dd79ff210485,22002
1db8868c-7aea-4358-8e8e-f2f33f427798,16415
29737eff-fbab-45b7-bdfe-51aba40f7b85,9435
ac82c478-aeb7-4b4d-abf6-8c5ff6207732,11082
9a652d31-eda3-4fe7-8e83-7ead894ca0e2,11048
94557fa4-d2b4-4a78-a3d3-5d0ba730d6bc,20024
4e1b279a-4454-414c-9241-c329e03f1995,6250
ade5e763-3b9c-4947-af9d-7ff570546027,19042
df607bfa-3921-4ac6-be34-119b349e9588,19590
2b51cbcc-360d-4b29-aa3d-bc4c1a017f6c,5214
30e0ee8d-4cf7-46bd-a62a-66714d8cd521,6230
dfb9e001-42d6-45d1-adf9-1e1ef5b8b618,20323
91fc3f81-74fe-438a-aebe-56931dcec2c6,9816
9c0738ab-d020-4a98-9b81-af71f7c0b878,22000
c1a9efe3-a0c5-4d04-b942-68d3fce22837,12066
940d778a-3303-4e51-83d5-dfdd64192939,11060
3fe9734c-c38f-42a6-85bf-f0281752e8ea,25510
970da6dd-6580-4081-8d47-0a1d30d16b6c,20006
323a942d-3817-4317-8a01-e1099026f744,19860
952c1496-b636-4dd7-801a-f7ca9f204c7c,13034
556c3a77-8cc1-4f91-8862-a1277fde9320,13040
c9ce1563-cea5-4ab9-b51b-c3951098bd35,11027
36c30c73-3777-46ee-bfe2-87df2cde70d9,31034
bcc613a8-72f2-455a-8126-953b1ec1685d,13191
b7a54211-5e50-42ad-adcd-d45ecde57255,11057
5e615f07-5e6b-403b-b1f7-47d4df6c9ed7,11025
8c68a448-5cf5-4ba4-834a-d6dd13f55496,18066
fcff9b94-2817-4101-af7a-d7fb3117c338,13107
834d0ee9-e18e-454d-affb-bb0096078817,31074
da378dc0-6e62-4923-aabb-126110ded991,15041
e1688763-0981-4614-a70c-b18893bcd53b,31016
2d70d5a7-4248-41b0-b876-066c7cf60f44,13025
